,station,day,month,year,precip(mm),Air Temp(C ),Humidity(%),Water_Temp(C ) 
1,174,1,3,1984,0,-0.6,79,5.2
2,174,2,3,1984,3.9,1.2,85,5.9
3,174,3,3,1984,4.9,0.8,93,6.0
4,174,4,3,1984,0,-0.4,75,5.2
5,174,5,3,1984,0,1,78,5.6
6,174,6,3,1984,0,1.7,83,5.9
7,174,7,3,1984,0,4.2,80,6.6
8,174,8,3,1984,0.5,1.7,54,5.4
9,174,9,3,1984,0.5,0.1,64,5.1
10,174,10,3,1984,0,-2.5,72,4.5
11,174,11,3,1984,0,-1.4,65,4.7
12,174,12,3,1984,0,-0.5,68,5.0
13,174,13,3,1984,0,2.8,64,5.9
14,174,14,3,1984,0,2.6,68,5.9
15,174,15,3,1984,0,3.2,67,6.0
16,174,16,3,1984,0,2.2,77,5.9
17,174,17,3,1984,0,2.8,74,6.1
18,174,18,3,1984,0,5.8,58,6.6
19,174,19,3,1984,0,4,57,6.1
20,174,20,3,1984,0,2,56,5.5
21,174,21,3,1984,0,4.2,64,6.3
22,174,22,3,1984,0,3.8,59,6.1
23,174,23,3,1984,0,3.2,59,5.9
24,174,24,3,1984,2,4.4,74,6.6
25,174,25,3,1984,0.8,4.6,87,6.8
26,174,26,3,1984,3,4.3,83,6.7
27,174,27,3,1984,14.9,7.9,72,8.0
28,174,28,3,1984,8,10.2,78,8.5
29,174,29,3,1984,1.7,5,85,6.9
30,174,30,3,1984,1.4,4.1,86,6.7
31,174,31,3,1984,2.6,4.6,76,6.7
32,174,1,4,1984,20.2,3.7,93,7.4
33,174,2,4,1984,0.5,1.2,87,5.8
34,174,3,4,1984,2.9,0.8,90,5.9
35,174,4,4,1984,2.9,0.6,93,5.9
36,174,5,4,1984,0.7,2.8,84,6.3
37,174,6,4,1984,4.4,3.4,86,6.6
38,174,7,4,1984,0,5.2,90,7.0
39,174,8,4,1984,0,5.4,82,6.9
40,174,9,4,1984,0,5.6,76,6.9
41,174,10,4,1984,19.3,4.2,90,7.4
42,174,11,4,1984,0,4.6,79,6.6
43,174,12,4,1984,1.7,4.6,85,6.8
44,174,13,4,1984,0,5.8,78,7.0
45,174,14,4,1984,0,9.9,61,7.8
46,174,15,4,1984,0.7,12.4,55,8.5
47,174,16,4,1984,6.1,5.9,71,7.1
48,174,17,4,1984,0,4.2,70,6.4
49,174,18,4,1984,0,5.6,57,6.6
50,174,19,4,1984,0,7.6,46,6.9
51,174,20,4,1984,0,10.8,40,7.7
52,174,21,4,1984,0,12,48,8.2
53,174,22,4,1984,0,14.5,49,8.9
54,174,23,4,1984,0,14.6,50,9.0
55,174,24,4,1984,0,15.8,35,9.1
56,174,25,4,1984,0,14.9,38,8.9
57,174,26,4,1984,0,14.6,47,8.9
58,174,27,4,1984,0,8.7,40,7.1
59,174,28,4,1984,0,7.6,45,6.9
60,174,29,4,1984,0,8,49,7.1
61,174,30,4,1984,0,8.5,48,7.2
62,174,1,5,1984,0,9.7,53,7.7
63,174,2,5,1984,3.7,9.9,79,8.3
64,174,3,5,1984,2.8,9.9,94,8.5
65,174,4,5,1984,0.4,12.8,75,8.9
66,174,5,5,1984,0.4,13.8,86,9.4
67,174,6,5,1984,1,14.1,70,9.2
68,174,7,5,1984,11.8,5.2,92,7.5
69,174,8,5,1984,0,5.5,66,6.7
70,174,9,5,1984,0,8.4,59,7.4
71,174,10,5,1984,1,8.8,59,7.5
72,174,11,5,1984,1.1,9.2,63,7.7
73,174,12,5,1984,2.5,6.8,82,7.4
74,174,13,5,1984,5.5,7.4,89,7.8
75,174,14,5,1984,12,8.6,95,8.5
76,174,15,5,1984,0.3,11.6,72,8.5
77,174,16,5,1984,1.3,11.5,84,8.7
78,174,17,5,1984,1.5,11.6,73,8.6
79,174,18,5,1984,0,13.8,66,9.0
80,174,19,5,1984,7,11.5,87,9.0
81,174,20,5,1984,11.8,12.6,77,9.3
82,174,21,5,1984,1.8,10.7,83,8.5
83,174,22,5,1984,0,11.8,68,8.5
84,174,23,5,1984,0.7,11.4,81,8.6
85,174,24,5,1984,8,9.8,89,8.6
86,174,25,5,1984,1.5,11.8,85,8.8
87,174,26,5,1984,7.9,12.4,80,9.2
88,174,27,5,1984,0,10.6,78,8.3
89,174,28,5,1984,0,8.8,72,7.7
90,174,29,5,1984,5.8,10.2,66,8.2
91,174,30,5,1984,17.1,9.2,90,8.8
92,174,31,5,1984,0,9.8,81,8.2
93,174,1,6,1984,2.7,13.8,81,9.4
94,174,2,6,1984,0,15.6,69,9.6
95,174,3,6,1984,8.8,15.1,77,9.9
96,174,4,6,1984,1.4,9.4,87,8.2
97,174,5,6,1984,0,10.9,88,8.6
98,174,6,6,1984,2.2,11.5,77,8.6
99,174,7,6,1984,1.5,12.2,70,8.7
100,174,8,6,1984,0,13.9,70,9.1
101,174,9,6,1984,0,10,74,8.1
102,174,10,6,1984,0,14.2,74,9.3
103,174,11,6,1984,0,15.6,69,9.6
104,174,12,6,1984,0,14.8,62,9.2
105,174,13,6,1984,0,18.8,60,10.3
106,174,14,6,1984,0,19.3,64,10.6
107,174,15,6,1984,0,13,67,8.8
108,174,16,6,1984,0,13.5,69,9.0
109,174,17,6,1984,0,13.4,61,8.8
110,174,18,6,1984,0,17.1,63,9.9
111,174,19,6,1984,0,19.7,55,10.5
112,174,20,6,1984,0,19.1,71,10.6
113,174,21,6,1984,3.8,18.8,83,10.9
114,174,22,6,1984,5,18.6,58,10.4
115,174,23,6,1984,0.6,14,65,9.1
116,174,24,6,1984,1,11,68,8.3
117,174,25,6,1984,1.2,13.6,70,9.1
118,174,26,6,1984,0,15,62,9.3
119,174,27,6,1984,0.8,18,60,10.1
120,174,28,6,1984,2.6,15.1,76,9.7
121,174,29,6,1984,1.2,11.6,60,8.4
122,174,30,6,1984,0.7,11,73,8.4
123,174,1,7,1984,2.2,16.8,60,9.9
124,174,2,7,1984,4.3,15.2,73,9.7
125,174,3,7,1984,0.4,11,79,8.5
126,174,4,7,1984,0,12.2,71,8.7
127,174,5,7,1984,0,13.4,73,9.0
128,174,6,7,1984,0,14.6,72,9.4
129,174,7,7,1984,0,19,55,10.3
130,174,8,7,1984,0,19.9,52,10.5
131,174,9,7,1984,0,22.4,64,11.4
132,174,10,7,1984,0,23.2,59,11.6
133,174,11,7,1984,8.6,23.9,61,12.1
134,174,12,7,1984,0,18.3,70,10.4
135,174,13,7,1984,0,17.7,55,9.9
136,174,14,7,1984,31,16.9,73,11.2
137,174,15,7,1984,3.9,15.2,74,9.7
138,174,16,7,1984,6.7,11.8,89,9.1
139,174,17,7,1984,0,13,75,9.0
140,174,18,7,1984,0,15.8,71,9.7
141,174,19,7,1984,0,17.4,67,10.1
142,174,20,7,1984,0,14.4,71,9.3
143,174,21,7,1984,0,15.5,73,9.6
144,174,22,7,1984,0,17.9,68,10.2
145,174,23,7,1984,0,15.8,64,9.6
146,174,24,7,1984,0,17.8,59,10.0
147,174,25,7,1984,0,16.8,81,10.1
148,174,26,7,1984,0,15.6,74,9.7
149,174,27,7,1984,0,16,70,9.7
150,174,28,7,1984,0,16.2,85,10.0
151,174,29,7,1984,0,20,53,10.6
152,174,30,7,1984,0,22.4,61,11.4
153,174,31,7,1984,5,23.5,51,11.7
154,174,1,8,1984,0,17.7,72,10.2
155,174,2,8,1984,0,18,67,10.2
156,174,3,8,1984,3.8,22,57,11.3
157,174,4,8,1984,3.4,19.2,78,10.9
158,174,5,8,1984,1.3,16.1,79,10.0
159,174,6,8,1984,0,15.3,74,9.6
160,174,7,8,1984,0,15.8,72,9.7
161,174,8,8,1984,0.7,18.7,63,10.4
162,174,9,8,1984,0.6,18.1,72,10.4
163,174,10,8,1984,0.6,17,81,10.2
164,174,11,8,1984,5,14.6,91,9.9
165,174,12,8,1984,0,16,90,10.1
166,174,13,8,1984,0,17.2,74,10.1
167,174,14,8,1984,0,18.2,69,10.3
168,174,15,8,1984,0,17.4,79,10.3
169,174,16,8,1984,0,16.8,70,9.9
170,174,17,8,1984,0,17,69,10.0
171,174,18,8,1984,0,17,68,10.0
172,174,19,8,1984,0,18.4,61,10.2
173,174,20,8,1984,0,19.8,57,10.6
174,174,21,8,1984,0,19.8,52,10.5
175,174,22,8,1984,0,18.9,62,10.4
176,174,23,8,1984,0,20.8,56,10.8
177,174,24,8,1984,0.3,16.4,85,10.1
178,174,25,8,1984,1,18,77,10.4
179,174,26,8,1984,21.4,17.4,82,11.1
180,174,27,8,1984,0,16,87,10.0
181,174,28,8,1984,0,16.5,74,9.9
182,174,29,8,1984,0,16.7,68,9.9
183,174,30,8,1984,1,16,79,9.9
184,174,31,8,1984,0,18,70,10.3
185,174,1,9,1984,0,19,70,10.6
186,174,2,9,1984,0,18.8,73,10.6
187,174,3,9,1984,0,20.4,61,10.8
188,174,4,9,1984,16.2,18.1,71,10.9
189,174,5,9,1984,2.1,10.4,81,8.4
190,174,6,9,1984,12.9,10,89,8.8
191,174,7,9,1984,10.6,9,90,8.5
192,174,8,9,1984,4.4,11,83,8.7
193,174,9,9,1984,29.5,13,87,10.3
194,174,10,9,1984,6.3,12.6,73,9.0
195,174,11,9,1984,0,13.3,73,9.0
196,174,12,9,1984,0.7,14.9,84,9.7
197,174,13,9,1984,0,14.8,82,9.6
198,174,14,9,1984,6.6,15.2,84,10.0
199,174,15,9,1984,3,14,91,9.6
200,174,16,9,1984,0,14.1,92,9.6
201,174,17,9,1984,0.9,13.6,90,9.4
202,174,18,9,1984,0,13.8,89,9.4
203,174,19,9,1984,0,12,87,8.9
204,174,20,9,1984,0,14.6,78,9.5
205,174,21,9,1984,2.1,13,78,9.1
206,174,22,9,1984,4,10.4,79,8.4
207,174,23,9,1984,12.5,9.3,92,8.7
208,174,24,9,1984,5.8,8.4,89,8.1
209,174,25,9,1984,0,9.6,84,8.1
210,174,26,9,1984,0,9.2,84,8.0
211,174,27,9,1984,0,9.2,84,8.0
212,174,28,9,1984,0,10.6,88,8.5
213,174,29,9,1984,0,12.7,83,9.0
214,174,30,9,1984,0.8,13.8,84,9.4
215,174,1,10,1984,7.2,14.2,90,9.8
216,174,2,10,1984,0.9,10,80,8.2
217,174,3,10,1984,3,10,92,8.5
218,174,4,10,1984,0.4,10.2,83,8.3
219,174,5,10,1984,4.3,10.7,82,8.6
220,174,6,10,1984,4.2,10.3,94,8.7
221,174,7,10,1984,0,8,82,7.7
222,174,8,10,1984,1.6,10.5,89,8.5
223,174,9,10,1984,0,13.8,89,9.4
224,174,10,10,1984,0,12.2,91,9.0
225,174,11,10,1984,0,11.3,91,8.7
226,174,12,10,1984,0,10.2,87,8.4
227,174,13,10,1984,0,9,87,8.0
228,174,14,10,1984,0,8.7,92,8.0
229,174,15,10,1984,0,11.6,91,8.8
230,174,16,10,1984,0,12,81,8.8
231,174,17,10,1984,0,9.3,82,8.0
232,174,18,10,1984,1.7,14.6,74,9.5
233,174,19,10,1984,2.4,16.1,64,9.7
234,174,20,10,1984,3.2,12.2,65,8.7
235,174,21,10,1984,0,8.1,82,7.7
236,174,22,10,1984,4.1,8.8,86,8.1
237,174,23,10,1984,0.5,12.6,86,9.1
238,174,24,10,1984,0,10.4,83,8.4
239,174,25,10,1984,8.5,14.1,82,9.7
240,174,26,10,1984,5,8.8,89,8.2
241,174,27,10,1984,0,6.8,88,7.4
242,174,28,10,1984,0,5.5,91,7.1
243,174,29,10,1984,0,6.2,94,7.4
244,174,30,10,1984,0,4.1,96,6.8
245,174,31,10,1984,0,5.4,95,7.1
246,174,1,11,1984,0,4.6,97,7.0
247,174,2,11,1984,0,3.3,97,6.6
248,174,3,11,1984,0,6.4,96,7.4
249,174,4,11,1984,0,5.6,94,7.2
250,174,5,11,1984,0,7.6,88,7.7
251,174,6,11,1984,0,4.1,85,6.6
252,174,7,11,1984,0.5,5.5,94,7.2
253,174,8,11,1984,0,9.2,75,7.9
254,174,9,11,1984,0,6.8,88,7.4
255,174,10,11,1984,0,8.6,94,8.0
256,174,11,11,1984,0,8,85,7.7
257,174,12,11,1984,0,4.3,89,6.7
258,174,13,11,1984,0,2.1,89,6.1
259,174,14,11,1984,0,1.8,86,6.0
260,174,15,11,1984,0,2.3,81,6.0
261,174,16,11,1984,1.8,2.7,88,6.3
262,174,17,11,1984,3.4,4.8,93,7.1
263,174,18,11,1984,0,3.4,93,6.5
264,174,19,11,1984,0,3,94,6.5
265,174,20,11,1984,3.9,4.6,93,7.0
266,174,21,11,1984,10.2,5.5,88,7.4
267,174,22,11,1984,23.4,11.6,88,9.6
268,174,23,11,1984,13.9,13.4,71,9.5
269,174,24,11,1984,4.4,9.9,77,8.3
270,174,25,11,1984,1.8,9.5,83,8.2
271,174,26,11,1984,0,5.6,91,7.1
272,174,27,11,1984,0,1.2,95,6.0
273,174,28,11,1984,0,1.4,93,6.0
274,174,29,11,1984,0,0.8,93,5.8
275,174,30,11,1984,0,-0.4,91,5.4
276,174,1,12,1984,0,-1,95,5.3
277,174,2,12,1984,0,3,94,6.5
278,174,3,12,1984,0,3.8,97,6.7
279,174,4,12,1984,0,4,84,6.6
280,174,5,12,1984,0,3.2,92,6.5
281,174,6,12,1984,0,3.4,95,6.6
282,174,7,12,1984,0,4.4,94,6.8
283,174,8,12,1984,1.8,3.6,93,6.7
284,174,9,12,1984,0.2,4.1,93,6.8
285,174,10,12,1984,0,4.3,86,6.7
286,174,11,12,1984,0,2.2,89,6.1
287,174,12,12,1984,0,2.6,89,6.3
288,174,13,12,1984,2.7,0.6,100,6.0
289,174,14,12,1984,0.4,4.2,94,6.8
290,174,15,12,1984,0,1.4,97,6.0
291,174,16,12,1984,1.6,2.6,98,6.5
292,174,17,12,1984,3.7,4.8,88,7.0
293,174,18,12,1984,8.4,3.4,92,6.8
294,174,19,12,1984,0.7,2.4,85,6.2
295,174,20,12,1984,4.5,5.8,86,7.3
296,174,21,12,1984,0.6,4,81,6.5
297,174,22,12,1984,0,-2.2,94,5.0
298,174,23,12,1984,0,-0.2,94,5.5
299,174,24,12,1984,1.8,1.4,88,6.0
300,174,25,12,1984,1.9,2,90,6.2
301,174,26,12,1984,0,0.5,88,5.6
302,174,27,12,1984,0.4,1.2,85,5.8
303,174,28,12,1984,0,0.6,83,5.6
304,174,29,12,1984,0,-2.8,84,4.6
305,174,30,12,1984,0,-2.6,90,4.8
306,174,31,12,1984,0.8,-3.2,79,4.5
307,174,1,1,1985,3.2,0,95,5.7
308,174,2,1,1985,0.7,-2.9,82,4.6
309,174,3,1,1985,11.1,-3.6,90,4.9
310,174,4,1,1985,0,-10.2,77,2.4
311,174,5,1,1985,0.7,-9.5,83,2.8
312,174,6,1,1985,0,-12.4,85,1.9
313,174,7,1,1985,0,-12.7,82,1.8
314,174,8,1,1985,0,-15.4,91,1.2
315,174,9,1,1985,0.7,-10.8,83,2.4
316,174,10,1,1985,0,-9.1,88,2.9
317,174,11,1,1985,0,-10.4,89,2.6
318,174,12,1,1985,2,-9.6,90,2.9
319,174,13,1,1985,0,-10.2,78,2.4
320,174,14,1,1985,0,-10,78,2.5
321,174,15,1,1985,0,-8.5,86,3.1
322,174,16,1,1985,0,-6.4,89,3.7
323,174,17,1,1985,0,-5.6,95,4.0
324,174,18,1,1985,0,-5.2,91,4.1
325,174,19,1,1985,1.3,-1.8,88,5.0
326,174,20,1,1985,2,-1.2,93,5.3
327,174,21,1,1985,3.3,1.8,96,6.3
328,174,22,1,1985,8.2,4.6,96,7.2
329,174,23,1,1985,2.2,1,91,5.9
330,174,24,1,1985,0,0.2,85,5.5
331,174,25,1,1985,9.4,1.5,76,6.1
332,174,26,1,1985,1.3,6.2,82,7.2
333,174,27,1,1985,0,-1,78,5.0
334,174,28,1,1985,0,-0.5,79,5.2
335,174,29,1,1985,3.4,1.2,90,6.0
336,174,30,1,1985,2,4.4,97,7.0
337,174,31,1,1985,1.9,6.8,86,7.5
338,174,1,2,1985,1.9,8.8,96,8.2
339,174,2,2,1985,8.9,8.7,87,8.3
340,174,3,2,1985,0,2.1,75,5.9
341,174,4,2,1985,0,0.8,59,5.2
342,174,5,2,1985,0,1.2,85,5.8
343,174,6,2,1985,3.8,7,93,7.7
344,174,7,2,1985,0,1.2,76,5.6
345,174,8,2,1985,9.6,-0.8,82,5.5
346,174,9,2,1985,17.2,-1.9,95,5.7
347,174,10,2,1985,0,-8.6,80,2.9
348,174,11,2,1985,0,-9.8,71,2.4
349,174,12,2,1985,0,-10,69,2.3
350,174,13,2,1985,3.8,-7.7,77,3.3
351,174,14,2,1985,0,-4.3,91,4.3
352,174,15,2,1985,0,-6.9,65,3.2
353,174,16,2,1985,0,-6.1,64,3.4
354,174,17,2,1985,0,-2.8,58,4.2
355,174,18,2,1985,0,-6.6,66,3.3
356,174,19,2,1985,0,-8.1,66,2.8
357,174,20,2,1985,0,-9.1,62,2.5
358,174,21,2,1985,0,-4.4,67,3.9
359,174,22,2,1985,0,-1.8,85,4.9
360,174,23,2,1985,0,0.4,74,5.4
361,174,24,2,1985,0,3,65,6.0
362,174,25,2,1985,0,2,83,6.0
363,174,26,2,1985,0,4,77,6.4
364,174,27,2,1985,0,3,81,6.2
365,174,28,2,1985,0,1.8,88,6.0
366,174,1,3,1985,2.2,4.8,87,6.9
367,174,2,3,1985,1.2,5,92,7.0
368,174,3,3,1985,0,5.1,79,6.8
369,174,4,3,1985,0,5.2,86,6.9
370,174,5,3,1985,1.5,6,93,7.3
371,174,6,3,1985,0,5.4,88,7.0
372,174,7,3,1985,0,5.4,85,7.0
373,174,8,3,1985,0,3.4,82,6.4
374,174,9,3,1985,0,2.8,93,6.4
375,174,10,3,1985,0,3.2,77,6.2
376,174,11,3,1985,0,1.8,85,6.0
377,174,12,3,1985,0,1.2,75,5.6
378,174,13,3,1985,0,3.8,73,6.3
379,174,14,3,1985,3.7,1.9,86,6.1
380,174,15,3,1985,1.1,1.4,83,5.9
381,174,16,3,1985,6,1.2,94,6.2
382,174,17,3,1985,6.9,0.6,84,5.9
383,174,18,3,1985,1.5,-0.4,78,5.3
384,174,19,3,1985,0.3,-0.7,87,5.3
385,174,20,3,1985,0,0.9,75,5.5
386,174,21,3,1985,0,2,76,5.9
387,174,22,3,1985,0.8,5.1,75,6.8
388,174,23,3,1985,2.2,4.2,85,6.7
389,174,24,3,1985,0.8,4.6,84,6.8
390,174,25,3,1985,1.5,9.2,62,7.7
391,174,26,3,1985,4.9,8.4,78,7.9
392,174,27,3,1985,1.1,5.3,78,6.9
393,174,28,3,1985,1.3,2,78,5.9
394,174,29,3,1985,0,5.9,58,6.7
395,174,30,3,1985,0,10.8,45,7.8
396,174,31,3,1985,1.5,9.1,80,8.0
397,174,1,4,1985,0,12.2,66,8.6
398,174,2,4,1985,0,11.7,59,8.3
399,174,3,4,1985,0,12.8,64,8.7
400,174,4,4,1985,0,13.9,58,8.9
401,174,5,4,1985,0,16.3,39,9.3
402,174,6,4,1985,2,8.8,83,8.0
403,174,7,4,1985,5.3,11.7,61,8.5
404,174,8,4,1985,2.9,9.4,70,8.0
405,174,9,4,1985,2.1,6.2,92,7.4
406,174,10,4,1985,0.8,7.6,82,7.6
407,174,11,4,1985,2.2,7.4,75,7.5
408,174,12,4,1985,4.7,6.4,70,7.2
409,174,13,4,1985,11.8,4.8,91,7.3
410,174,14,4,1985,2.1,5.9,82,7.1
411,174,15,4,1985,1.2,5.9,77,7.0
412,174,16,4,1985,3.3,7.6,93,7.9
413,174,17,4,1985,0,8.6,64,7.5
414,174,18,4,1985,0,9.8,50,7.6
415,174,19,4,1985,0,10.8,55,8.0
416,174,20,4,1985,0,11.8,58,8.3
417,174,21,4,1985,0,14.1,64,9.1
418,174,22,4,1985,0,14.5,63,9.2
419,174,23,4,1985,0,9.4,65,7.8
420,174,24,4,1985,0,3.4,59,6.0
421,174,25,4,1985,0,7.1,64,7.1
422,174,26,4,1985,0,4.2,59,6.2
423,174,27,4,1985,8.1,5,70,6.9
424,174,28,4,1985,1.3,2.4,81,6.1
425,174,29,4,1985,1,3.4,88,6.5
426,174,30,4,1985,1.9,8.2,86,7.9
427,174,1,5,1985,4.6,9.9,75,8.3
428,174,2,5,1985,6.2,5.2,86,7.2
429,174,3,5,1985,0,4.6,78,6.6
430,174,4,5,1985,0,7.6,74,7.4
431,174,5,5,1985,0,11.2,65,8.3
432,174,6,5,1985,0,14.5,56,9.1
433,174,7,5,1985,2.4,17.2,65,10.1
434,174,8,5,1985,0.4,12.4,69,8.7
435,174,9,5,1985,0.6,10.2,90,8.4
436,174,10,5,1985,0,11,79,8.5
437,174,11,5,1985,0.4,14.6,67,9.3
438,174,12,5,1985,0,13.4,59,8.8
439,174,13,5,1985,0,17,72,10.0
440,174,14,5,1985,0,13.6,61,8.9
441,174,15,5,1985,0,13.9,70,9.1
442,174,16,5,1985,3.9,18.8,57,10.4
443,174,17,5,1985,0,15.6,68,9.6
444,174,18,5,1985,3.5,16,73,9.9
445,174,19,5,1985,0,15.4,81,9.7
446,174,20,5,1985,1,15.4,85,9.8
447,174,21,5,1985,10.1,13.6,88,9.7
448,174,22,5,1985,5.8,10.4,87,8.6
449,174,23,5,1985,0.8,11.3,86,8.7
450,174,24,5,1985,0,13.8,73,9.2
451,174,25,5,1985,0,18,61,10.1
452,174,26,5,1985,0,19.1,61,10.4
453,174,27,5,1985,0,19.6,66,10.7
454,174,28,5,1985,9.2,15,89,10.1
455,174,29,5,1985,14.9,11.8,92,9.5
456,174,30,5,1985,0.5,13.4,90,9.3
457,174,31,5,1985,0,15.6,63,9.5
458,174,1,6,1985,0,20,52,10.5
459,174,2,6,1985,0,16.8,54,9.7
460,174,3,6,1985,0,20.2,50,10.6
461,174,4,6,1985,0,20.8,61,10.9
462,174,5,6,1985,0,21,60,11.0
463,174,6,6,1985,0.2,19.1,70,10.6
464,174,7,6,1985,4,16.4,73,10.0
465,174,8,6,1985,0,10.3,66,8.0
466,174,9,6,1985,15.4,10.6,79,8.9
467,174,10,6,1985,13.5,11.2,82,9.1
468,174,11,6,1985,0,11.6,73,8.5
469,174,12,6,1985,0.8,13,70,8.9
470,174,13,6,1985,0,11.3,69,8.4
471,174,14,6,1985,3.1,14.4,69,9.4
472,174,15,6,1985,0,10.8,65,8.2
473,174,16,6,1985,0,12.4,55,8.4
474,174,17,6,1985,0,13.9,54,8.9
475,174,18,6,1985,0,12.8,66,8.7
476,174,19,6,1985,10.9,15,71,9.9
477,174,20,6,1985,0,12,82,8.8
478,174,21,6,1985,2.2,15.4,67,9.6
479,174,22,6,1985,4.3,14.1,73,9.4
480,174,23,6,1985,1.1,13.6,73,9.1
481,174,24,6,1985,4.9,13.5,81,9.4
482,174,25,6,1985,0,14.6,59,9.1
483,174,26,6,1985,2.8,12.8,83,9.1
484,174,27,6,1985,0,12.8,77,8.9
485,174,28,6,1985,0,13.6,73,9.1
486,174,29,6,1985,0,15,68,9.4
487,174,30,6,1985,0,16.4,68,9.8
488,174,1,7,1985,3.2,17.4,79,10.4
489,174,2,7,1985,0,16.2,66,9.7
490,174,3,7,1985,0,20.1,51,10.6
491,174,4,7,1985,0,20.1,56,10.6
492,174,5,7,1985,1.7,19.1,82,10.9
493,174,6,7,1985,8.6,17.2,92,10.8
494,174,7,7,1985,0,15.1,65,9.4
495,174,8,7,1985,0,16.1,64,9.6
496,174,9,7,1985,4.1,17.2,70,10.2
497,174,10,7,1985,0,15.1,73,9.5
498,174,11,7,1985,0,15.8,67,9.6
499,174,12,7,1985,0,17.4,63,10.0
500,174,13,7,1985,0,18.8,61,10.4
501,174,14,7,1985,0,23.3,60,11.6
502,174,15,7,1985,0,19.8,63,10.7
503,174,16,7,1985,2.1,17.8,75,10.4
504,174,17,7,1985,0,18.4,62,10.3
505,174,18,7,1985,0.4,21.2,63,11.1
506,174,19,7,1985,0.3,19.8,75,10.9
507,174,20,7,1985,4.6,17.6,61,10.2
508,174,21,7,1985,0,13.9,68,9.1
509,174,22,7,1985,0,17.9,64,10.2
510,174,23,7,1985,0,17.7,71,10.2
511,174,24,7,1985,0,19.5,58,10.5
512,174,25,7,1985,0,21.7,63,11.2
513,174,26,7,1985,2.1,23.4,60,11.7
514,174,27,7,1985,0,18,61,10.1
515,174,28,7,1985,11,19.6,75,11.2
516,174,29,7,1985,2.9,17,83,10.3
517,174,30,7,1985,0,16.5,64,9.8
518,174,31,7,1985,8,15.5,88,10.2
519,174,1,8,1985,20.8,14.2,92,10.4
520,174,2,8,1985,0,15.6,71,9.6
521,174,3,8,1985,0,16.2,77,9.9
522,174,4,8,1985,0.6,15.8,75,9.8
523,174,5,8,1985,0,18.5,64,10.3
524,174,6,8,1985,3.6,12.6,92,9.3
525,174,7,8,1985,0,13.6,76,9.1
526,174,8,8,1985,0,14.2,85,9.5
527,174,9,8,1985,0,19.4,70,10.7
528,174,10,8,1985,2.1,15.2,75,9.7
529,174,11,8,1985,0,17.5,70,10.1
530,174,12,8,1985,6.4,16.7,90,10.5
531,174,13,8,1985,0,18.8,86,10.8
532,174,14,8,1985,0.5,22.4,72,11.6
533,174,15,8,1985,2.8,18.8,90,11.0
534,174,16,8,1985,0,17.6,81,10.4
535,174,17,8,1985,0,13.9,80,9.3
536,174,18,8,1985,0,15.6,69,9.6
537,174,19,8,1985,7.3,17.6,70,10.4
538,174,20,8,1985,0,15.4,70,9.6
539,174,21,8,1985,0,18.4,73,10.5
540,174,22,8,1985,0,21.2,66,11.1
541,174,23,8,1985,0,17.2,70,10.1
542,174,24,8,1985,9.1,17.6,74,10.6
543,174,25,8,1985,0,14.1,79,9.3
544,174,26,8,1985,0,12.5,77,8.9
545,174,27,8,1985,0,13.4,70,9.0
546,174,28,8,1985,0,12.7,72,8.8
547,174,29,8,1985,0,15,68,9.4
548,174,30,8,1985,0,17,68,10.0
549,174,31,8,1985,0,19.4,68,10.7
550,174,1,9,1985,2.6,14.3,90,9.7
551,174,2,9,1985,0,13.3,74,9.0
552,174,3,9,1985,12.2,15.2,76,10.0
553,174,4,9,1985,0.4,13.6,82,9.3
554,174,5,9,1985,10.7,15.1,85,10.1
555,174,6,9,1985,0,10,72,8.1
556,174,7,9,1985,0,9.2,70,7.8
557,174,8,9,1985,0,12.9,67,8.8
558,174,9,9,1985,0,10.6,81,8.4
559,174,10,9,1985,0,9.8,75,8.1
560,174,11,9,1985,0,12.8,72,8.9
561,174,12,9,1985,0,14.8,77,9.5
562,174,13,9,1985,1.7,16.6,81,10.1
563,174,14,9,1985,0,12.9,92,9.2
564,174,15,9,1985,0.5,12.2,88,9.0
565,174,16,9,1985,0,10.5,79,8.3
566,174,17,9,1985,0,16.6,73,9.9
567,174,18,9,1985,0,17.4,81,10.3
568,174,19,9,1985,0,17.9,68,10.2
569,174,20,9,1985,0,17.3,76,10.2
570,174,21,9,1985,0,18.6,69,10.4
571,174,22,9,1985,0,19.4,67,10.6
572,174,23,9,1985,0,18,79,10.4
573,174,24,9,1985,0,16.3,79,10.0
574,174,25,9,1985,0,13.9,89,9.5
575,174,26,9,1985,0,13.9,78,9.3
576,174,27,9,1985,0,14,76,9.3
577,174,28,9,1985,0,13.6,74,9.1
578,174,29,9,1985,0,12.8,79,9.0
579,174,30,9,1985,0,12.7,79,8.9
580,174,1,10,1985,0,14.6,81,9.5
581,174,2,10,1985,3,15.4,93,10.1
582,174,3,10,1985,0,15.8,87,10.0
583,174,4,10,1985,1.7,17.5,72,10.2
584,174,5,10,1985,3.7,14.8,94,9.9
585,174,6,10,1985,0,13.6,85,9.3
586,174,7,10,1985,0.7,14.8,85,9.7
587,174,8,10,1985,2.6,9.4,87,8.2
588,174,9,10,1985,0.6,10.8,79,8.4
589,174,10,10,1985,0,12,82,8.8
590,174,11,10,1985,0,12.3,82,8.9
591,174,12,10,1985,0,10.2,89,8.4
592,174,13,10,1985,0,6.1,80,7.1
593,174,14,10,1985,0,7.8,81,7.6
594,174,15,10,1985,0,10.1,94,8.5
595,174,16,10,1985,0,7.6,84,7.6
596,174,17,10,1985,0,8.4,81,7.8
597,174,18,10,1985,0,6.3,88,7.3
598,174,19,10,1985,0,9,75,7.8
599,174,20,10,1985,0,8.8,64,7.6
600,174,21,10,1985,0,8.2,66,7.4
601,174,22,10,1985,0,6.2,75,7.0
602,174,23,10,1985,0,9.2,55,7.5
603,174,24,10,1985,0,8.3,42,7.1
604,174,25,10,1985,0,3.8,77,6.4
605,174,26,10,1985,0,2.9,82,6.2
606,174,27,10,1985,0,2.4,84,6.1
607,174,28,10,1985,0,0.8,91,5.8
608,174,29,10,1985,0,1,82,5.7
609,174,30,10,1985,0,-0.1,86,5.4
610,174,31,10,1985,0,1.4,92,6.0
611,174,1,11,1985,0.3,6.6,81,7.3
612,174,2,11,1985,4.5,4.4,86,6.9
613,174,3,11,1985,0,1.8,82,5.9
614,174,4,11,1985,4,1.2,97,6.1
615,174,5,11,1985,11,11,80,8.9
616,174,6,11,1985,0,5.6,66,6.7
617,174,7,11,1985,0.7,7.6,85,7.6
618,174,8,11,1985,15.5,9.2,95,8.8
619,174,9,11,1985,4.3,13.1,89,9.4
620,174,10,11,1985,5.3,6.7,75,7.4
621,174,11,11,1985,0.5,1.8,76,5.8
622,174,12,11,1985,0,-1.2,86,5.1
623,174,13,11,1985,0,0,82,5.4
624,174,14,11,1985,0,-0.9,86,5.2
625,174,15,11,1985,0,-2.4,88,4.8
626,174,16,11,1985,0,-2.8,87,4.7
627,174,17,11,1985,0,-0.8,67,4.9
628,174,18,11,1985,0,-2,55,4.4
629,174,19,11,1985,0.7,-2.1,75,4.7
630,174,20,11,1985,7.7,-2.5,89,5.1
631,174,21,11,1985,5,-2,96,5.3
632,174,22,11,1985,4.2,-2.2,97,5.2
633,174,23,11,1985,0.6,-1.4,94,5.2
634,174,24,11,1985,0.5,-2,92,5.0
635,174,25,11,1985,0,-2,91,5.0
636,174,26,11,1985,0,-3.7,92,4.5
637,174,27,11,1985,3.6,-2,75,4.8
638,174,28,11,1985,1.2,0.1,88,5.6
639,174,29,11,1985,7.3,-0.3,95,5.8
640,174,30,11,1985,7.3,3.2,95,6.8
641,174,1,12,1985,0,4,96,6.8
642,174,2,12,1985,0,6.4,92,7.4
643,174,3,12,1985,0,9.8,82,8.2
644,174,4,12,1985,0,9.1,79,7.9
645,174,5,12,1985,2.4,9.6,64,7.9
646,174,6,12,1985,0,8.1,72,7.5
647,174,7,12,1985,8.7,8.3,85,8.1
648,174,8,12,1985,0.9,6.3,95,7.4
649,174,9,12,1985,3.6,6.8,91,7.6
650,174,10,12,1985,0,2.1,90,6.1
651,174,11,12,1985,0,0.9,94,5.9
652,174,12,12,1985,0,-0.8,84,5.2
653,174,13,12,1985,0.4,-0.8,80,5.2
654,174,14,12,1985,1.4,3.6,94,6.7
655,174,15,12,1985,0.1,7.4,89,7.6
656,174,16,12,1985,0,7.4,86,7.6
657,174,17,12,1985,0.5,5.6,88,7.1
658,174,18,12,1985,3.1,5.1,93,7.1
659,174,19,12,1985,0,5.5,81,6.9
660,174,20,12,1985,0.4,5.3,85,7.0
661,174,21,12,1985,0,2.4,58,5.7
662,174,22,12,1985,0,0.4,82,5.5
663,174,23,12,1985,0,3.8,90,6.6
664,174,24,12,1985,0.8,4.6,86,6.8
665,174,25,12,1985,2.3,8,86,7.8
666,174,26,12,1985,0,7.4,74,7.4
667,174,27,12,1985,6.3,5,75,6.9
668,174,28,12,1985,19.9,-0.1,95,6.3
669,174,29,12,1985,0.8,-2.2,90,4.9
670,174,30,12,1985,0,-3.2,93,4.7
671,174,31,12,1985,0,-8,85,3.2
672,174,1,1,1986,4.1,-4.8,84,4.2
673,174,2,1,1986,0.7,3.6,84,6.5
674,174,3,1,1986,1.1,2.6,89,6.3
675,174,4,1,1986,0,-0.4,81,5.3
676,174,5,1,1986,2.7,1,72,5.6
677,174,6,1,1986,1.2,1,94,5.9
678,174,7,1,1986,0,-0.1,74,5.2
679,174,8,1,1986,2.2,-1.8,82,5.0
680,174,9,1,1986,0.9,-1.6,87,5.1
681,174,10,1,1986,6.9,1.2,90,6.1
682,174,11,1,1986,2.9,5,88,7.0
683,174,12,1,1986,3,3.6,79,6.5
684,174,13,1,1986,10.5,6.6,87,7.7
685,174,14,1,1986,5.4,6.8,76,7.4
686,174,15,1,1986,3.6,3.4,85,6.5
687,174,16,1,1986,0,1.6,80,5.8
688,174,17,1,1986,0,-1,86,5.2
689,174,18,1,1986,12.2,3.8,88,7.0
690,174,19,1,1986,3.7,8,85,7.8
691,174,20,1,1986,0,4,69,6.3
692,174,21,1,1986,4.4,4.5,71,6.6
693,174,22,1,1986,4.5,5,73,6.8
694,174,23,1,1986,24.1,6.4,89,8.2
695,174,24,1,1986,1.4,1.2,80,5.8
696,174,25,1,1986,0.7,0.4,78,5.5
697,174,26,1,1986,0.8,-2.7,90,4.8
698,174,27,1,1986,0.4,-4.4,83,4.2
699,174,28,1,1986,2.2,-2.3,92,5.0
700,174,29,1,1986,0,-0.5,68,5.0
701,174,30,1,1986,0,1.8,61,5.6
702,174,31,1,1986,0,3.4,65,6.1
703,174,1,2,1986,4.1,1,92,6.0
704,174,2,2,1986,0,1.8,86,6.0
705,174,3,2,1986,0,2.3,79,6.0
706,174,4,2,1986,0,0.1,71,5.2
707,174,5,2,1986,1.1,-1.8,83,4.9
708,174,6,2,1986,0.5,-1.5,90,5.1
709,174,7,2,1986,0,-4.8,63,3.7
710,174,8,2,1986,0.7,-8.7,72,2.8
711,174,9,2,1986,3.2,-11.8,73,2.0
712,174,10,2,1986,2.5,-7.8,88,3.4
713,174,11,2,1986,0,-4.6,71,3.9
714,174,12,2,1986,0,-3.8,52,3.8
715,174,13,2,1986,0,-5,52,3.5
716,174,14,2,1986,0,-4.8,73,3.9
717,174,15,2,1986,0,-3,73,4.4
718,174,16,2,1986,0,-2.6,73,4.5
719,174,17,2,1986,0,-2.6,73,4.5
720,174,18,2,1986,0,-5.1,78,3.9
721,174,19,2,1986,0,-6,80,3.7
722,174,20,2,1986,0.3,-5.8,84,3.8
723,174,21,2,1986,0,-6.7,63,3.2
724,174,22,2,1986,0,-6.8,73,3.3
725,174,23,2,1986,0,-4.5,62,3.8
726,174,24,2,1986,0,-5.8,57,3.3
727,174,25,2,1986,0,-5.4,59,3.5
728,174,26,2,1986,0,-7.2,47,2.8
729,174,27,2,1986,0,-5.6,46,3.2
730,174,28,2,1986,0,-3,41,3.9
731,174,1,3,1986,0,-1,48,4.5
732,174,2,3,1986,0,-1.4,67,4.7
733,174,3,3,1986,0,-0.2,78,5.3
734,174,4,3,1986,4.6,0.2,82,5.6
735,174,5,3,1986,1.9,4.9,97,7.1
736,174,6,3,1986,9.4,5.5,93,7.5
737,174,7,3,1986,0,2.1,89,6.1
738,174,8,3,1986,2.4,1.8,87,6.1
739,174,9,3,1986,0,2,87,6.0
740,174,10,3,1986,0,2.6,84,6.2
741,174,11,3,1986,0,2,80,5.9
742,174,12,3,1986,0,3.5,77,6.3
743,174,13,3,1986,0,2.9,81,6.2
744,174,14,3,1986,0,3.8,73,6.3
745,174,15,3,1986,0,3.4,85,6.4
746,174,16,3,1986,0,4.1,76,6.5
747,174,17,3,1986,0,7.2,71,7.2
748,174,18,3,1986,0,5.8,69,6.8
749,174,19,3,1986,0,6.6,74,7.1
750,174,20,3,1986,4.2,6.8,82,7.5
751,174,21,3,1986,1.6,4.6,64,6.5
752,174,22,3,1986,2.3,6.2,65,6.9
753,174,23,3,1986,5.5,6.7,80,7.5
754,174,24,3,1986,34.9,5.8,85,8.4
755,174,25,3,1986,0.5,3,76,6.2
756,174,26,3,1986,6.1,3,86,6.5
757,174,27,3,1986,2.2,8.2,91,8.0
758,174,28,3,1986,0.5,7.8,69,7.4
759,174,29,3,1986,5.4,6.5,69,7.2
760,174,30,3,1986,12.2,5.6,83,7.5
761,174,31,3,1986,4.9,9,69,7.9
762,174,1,4,1986,0,7.1,53,6.9
763,174,2,4,1986,9.2,5.8,75,7.3
764,174,3,4,1986,7.3,5,95,7.3
765,174,4,4,1986,0,2.5,73,6.0
766,174,5,4,1986,0,1.6,76,5.7
767,174,6,4,1986,0.3,4.8,78,6.7
768,174,7,4,1986,0,10.2,71,8.1
769,174,8,4,1986,0,9.2,83,8.0
770,174,9,4,1986,0,8.3,74,7.6
771,174,10,4,1986,0.5,2.3,80,6.0
772,174,11,4,1986,0,-0.8,51,4.6
773,174,12,4,1986,0,-1.6,62,4.6
774,174,13,4,1986,1.2,0.8,59,5.3
775,174,14,4,1986,1.9,5,86,7.0
776,174,15,4,1986,0.4,10,56,7.8
777,174,16,4,1986,4.1,7.2,79,7.5
778,174,17,4,1986,2.5,6.7,76,7.3
779,174,18,4,1986,0,6.5,67,7.0
780,174,19,4,1986,1.9,4.6,83,6.8
781,174,20,4,1986,6.1,5.6,77,7.1
782,174,21,4,1986,8.4,8.2,94,8.2
783,174,22,4,1986,9.6,5.4,84,7.3
784,174,23,4,1986,3.4,7.7,83,7.7
785,174,24,4,1986,0.2,9.2,81,8.0
786,174,25,4,1986,0,11.4,77,8.5
787,174,26,4,1986,24,11.2,78,9.4
788,174,27,4,1986,0,9.9,73,8.0
789,174,28,4,1986,2.7,12.6,67,8.8
790,174,29,4,1986,0.2,14.5,71,9.3
791,174,30,4,1986,0,12.4,71,8.7
792,174,1,5,1986,0,17.1,59,9.8
793,174,2,5,1986,0,16.6,58,9.7
794,174,3,5,1986,0,16.2,60,9.6
795,174,4,5,1986,1,15.4,61,9.4
796,174,5,5,1986,0,16.4,64,9.7
797,174,6,5,1986,3,18.6,61,10.4
798,174,7,5,1986,1.8,11.3,82,8.7
799,174,8,5,1986,1.4,10.6,66,8.2
800,174,9,5,1986,0.4,11.8,69,8.5
801,174,10,5,1986,12.3,14.2,73,9.7
802,174,11,5,1986,0,14.4,70,9.3
803,174,12,5,1986,0,16.5,62,9.7
804,174,13,5,1986,8.9,15.9,80,10.2
805,174,14,5,1986,2.2,13,79,9.1
806,174,15,5,1986,1,11.3,81,8.6
807,174,16,5,1986,4,11.8,75,8.8
808,174,17,5,1986,0,14.9,82,9.6
809,174,18,5,1986,1.2,17.4,86,10.4
810,174,19,5,1986,4.1,15.8,95,10.2
811,174,20,5,1986,0.7,18.8,85,10.8
812,174,21,5,1986,1,17.8,73,10.3
813,174,22,5,1986,0,15,66,9.4
814,174,23,5,1986,0.8,18.9,68,10.5
815,174,24,5,1986,4.4,12.6,72,9.0
816,174,25,5,1986,0,14.8,59,9.2
817,174,26,5,1986,0,19,65,10.5
818,174,27,5,1986,3.6,18.4,78,10.7
819,174,28,5,1986,7.1,10.2,90,8.7
820,174,29,5,1986,2.9,9.7,77,8.2
821,174,30,5,1986,3.2,8,86,7.8
822,174,31,5,1986,3.9,7.3,92,7.8
823,174,1,6,1986,3.6,12.5,63,8.7
824,174,2,6,1986,0,12.2,79,8.8
825,174,3,6,1986,15.8,13.6,73,9.7
826,174,4,6,1986,0.8,9.8,77,8.1
827,174,5,6,1986,0.6,9.4,71,7.9
828,174,6,6,1986,4.9,8.4,77,7.9
829,174,7,6,1986,32.9,8.7,92,9.2
830,174,8,6,1986,0,11.6,81,8.7
831,174,9,6,1986,0,16,69,9.7
832,174,10,6,1986,1.5,20,55,10.7
833,174,11,6,1986,2.7,11.6,91,8.9
834,174,12,6,1986,0,12.3,75,8.8
835,174,13,6,1986,0,14.1,63,9.1
836,174,14,6,1986,0,19.8,67,10.7
837,174,15,6,1986,0,22.1,62,11.3
838,174,16,6,1986,0,21.9,68,11.4
839,174,17,6,1986,0,21.8,72,11.4
840,174,18,6,1986,0,19.8,80,11.0
841,174,19,6,1986,0.3,21.8,76,11.5
842,174,20,6,1986,0,22.1,71,11.5
843,174,21,6,1986,0,22.2,79,11.6
844,174,22,6,1986,0,22.3,73,11.6
845,174,23,6,1986,13.1,21.6,76,11.9
846,174,24,6,1986,0,16,69,9.7
847,174,25,6,1986,0,19.2,62,10.5
848,174,26,6,1986,0,23.2,45,11.3
849,174,27,6,1986,0,21.8,55,11.1
850,174,28,6,1986,0,22.4,55,11.3
851,174,29,6,1986,0,22.3,51,11.2
852,174,30,6,1986,0,19.9,55,10.6
853,174,1,7,1986,0,20.6,56,10.8
854,174,2,7,1986,0,22,59,11.2
855,174,3,7,1986,0,20.6,71,11.0
856,174,4,7,1986,0,20.4,61,10.8
857,174,5,7,1986,15.5,21,64,11.6
858,174,6,7,1986,3.7,16.8,87,10.4
859,174,7,7,1986,0,15.2,77,9.6
860,174,8,7,1986,1.7,13.8,73,9.2
861,174,9,7,1986,0.4,14.6,81,9.5
862,174,10,7,1986,0,15.5,69,9.6
863,174,11,7,1986,4.1,12,91,9.1
864,174,12,7,1986,0,13.9,77,9.2
865,174,13,7,1986,0.8,12.2,80,8.8
866,174,14,7,1986,0,13.4,71,9.0
867,174,15,7,1986,0,17,67,10.0
868,174,16,7,1986,0,20.4,58,10.8
869,174,17,7,1986,0,22.1,61,11.3
870,174,18,7,1986,0,17.6,58,10.0
871,174,19,7,1986,0,15.4,59,9.4
872,174,20,7,1986,0,16.4,60,9.7
873,174,21,7,1986,0,17.9,68,10.2
874,174,22,7,1986,5.5,20.4,62,11.0
875,174,23,7,1986,12.6,16.6,89,10.7
876,174,24,7,1986,0.3,12.4,71,8.7
877,174,25,7,1986,0.4,16,64,9.6
878,174,26,7,1986,0.4,18.3,79,10.5
879,174,27,7,1986,0,19.8,69,10.8
880,174,28,7,1986,0,21.4,68,11.2
881,174,29,7,1986,0,21.4,64,11.1
882,174,30,7,1986,1.6,20.1,66,10.9
883,174,31,7,1986,0,22.2,64,11.4
884,174,1,8,1986,0,19,64,10.5
885,174,2,8,1986,0,21.8,60,11.2
886,174,3,8,1986,0,26.6,54,12.4
887,174,4,8,1986,4.5,20.4,83,11.4
888,174,5,8,1986,0,16.3,63,9.7
889,174,6,8,1986,0,18.6,63,10.3
890,174,7,8,1986,0,20,57,10.6
891,174,8,8,1986,0,16.6,59,9.7
892,174,9,8,1986,0,17.7,63,10.1
893,174,10,8,1986,1.9,17.8,84,10.5
894,174,11,8,1986,1.1,20.2,76,11.1
895,174,12,8,1986,9.2,17.4,92,10.8
896,174,13,8,1986,0,17.4,79,10.3
897,174,14,8,1986,0,17.2,77,10.2
898,174,15,8,1986,1,19.4,80,10.9
899,174,16,8,1986,0,19.2,80,10.8
900,174,17,8,1986,0.9,19.3,79,10.8
901,174,18,8,1986,15.9,18.3,85,11.2
902,174,19,8,1986,2.9,16,83,10.1
903,174,20,8,1986,0,13,77,9.0
904,174,21,8,1986,0,14.6,73,9.4
905,174,22,8,1986,13,16,89,10.5
906,174,23,8,1986,3.4,14.2,85,9.6
907,174,24,8,1986,11.3,12.8,90,9.6
908,174,25,8,1986,0.3,12.8,77,8.9
909,174,26,8,1986,0.6,15.7,74,9.7
910,174,27,8,1986,0.7,10.9,80,8.5
911,174,28,8,1986,0.7,10.4,91,8.5
912,174,29,8,1986,3.9,9.8,86,8.4
913,174,30,8,1986,0,10.8,77,8.4
914,174,31,8,1986,1.4,11.4,80,8.6
915,174,1,9,1986,0,11.4,73,8.5
916,174,2,9,1986,0,13,79,9.0
917,174,3,9,1986,4.7,13.3,84,9.4
918,174,4,9,1986,0,10.6,84,8.4
919,174,5,9,1986,0,10.6,80,8.4
920,174,6,9,1986,0,15.4,69,9.5
921,174,7,9,1986,0.3,12.4,80,8.9
922,174,8,9,1986,0,11.8,74,8.6
923,174,9,9,1986,0,10.9,65,8.2
924,174,10,9,1986,0,9.5,73,7.9
925,174,11,9,1986,0,11.2,76,8.5
926,174,12,9,1986,44.4,11.7,94,10.6
927,174,13,9,1986,11.4,12.7,98,9.7
928,174,14,9,1986,0.5,18.1,86,10.6
929,174,15,9,1986,11.5,20,88,11.6
930,174,16,9,1986,30.7,11.3,94,9.9
931,174,17,9,1986,7.2,11.8,97,9.3
932,174,18,9,1986,0,8.1,90,7.8
933,174,19,9,1986,0,11.4,59,8.2
934,174,20,9,1986,0,9.7,68,7.9
935,174,21,9,1986,0,10.7,82,8.4
936,174,22,9,1986,0,11.4,81,8.6
937,174,23,9,1986,0,12.3,85,8.9
938,174,24,9,1986,0,15.9,75,9.8
939,174,25,9,1986,0,11,69,8.3
940,174,26,9,1986,0,8.9,79,7.9
941,174,27,9,1986,0,10.6,85,8.4
942,174,28,9,1986,0,10.8,82,8.5
943,174,29,9,1986,0,11,78,8.4
944,174,30,9,1986,0,15.8,74,9.7
945,174,1,10,1986,0,12.7,80,9.0
946,174,2,10,1986,0,13.7,85,9.3
947,174,3,10,1986,0,13.4,85,9.2
948,174,4,10,1986,0,11.9,84,8.8
949,174,5,10,1986,0,11.8,88,8.8
950,174,6,10,1986,0,14.4,86,9.5
951,174,7,10,1986,0,12.9,89,9.2
952,174,8,10,1986,0,13.8,83,9.3
953,174,9,10,1986,0,9.6,88,8.2
954,174,10,10,1986,0,9.7,91,8.3
955,174,11,10,1986,0,10.4,88,8.4
956,174,12,10,1986,0,10.5,88,8.5
957,174,13,10,1986,0,10.2,90,8.4
958,174,14,10,1986,0,12.1,90,9.0
959,174,15,10,1986,0,12.6,89,9.1
960,174,16,10,1986,0,12,91,8.9
961,174,17,10,1986,0,12.8,82,9.0
962,174,18,10,1986,0.4,8.8,90,8.0
963,174,19,10,1986,7.8,9.8,86,8.5
964,174,20,10,1986,24.5,10.7,82,9.3
965,174,21,10,1986,13.5,9,80,8.4
966,174,22,10,1986,41.5,13.7,93,11.0
967,174,23,10,1986,8.5,7,84,7.7
968,174,24,10,1986,0.4,5.4,75,6.8
969,174,25,10,1986,8.9,8.1,88,8.1
970,174,26,10,1986,0,7.2,75,7.3
971,174,27,10,1986,0,3.3,80,6.3
972,174,28,10,1986,3,8.2,82,7.8
973,174,29,10,1986,3.9,6.8,94,7.7
974,174,30,10,1986,0,2.3,95,6.3
975,174,31,10,1986,4,7.4,93,7.8
976,174,1,11,1986,16.3,10.4,96,9.2
977,174,2,11,1986,0.6,4.6,83,6.7
978,174,3,11,1986,0,1.9,83,6.0
979,174,4,11,1986,0,2.3,91,6.2
980,174,5,11,1986,0.3,4.9,85,6.8
981,174,6,11,1986,0,6.5,92,7.4
982,174,7,11,1986,0,3.1,95,6.5
983,174,8,11,1986,0.2,6.3,88,7.3
984,174,9,11,1986,0,2,88,6.1
985,174,10,11,1986,0,5.8,88,7.1
986,174,11,11,1986,0,6.8,88,7.4
987,174,12,11,1986,0,7.8,80,7.6
988,174,13,11,1986,0.3,5.9,78,7.0
989,174,14,11,1986,0,8.2,77,7.6
990,174,15,11,1986,0.2,9.2,79,8.0
991,174,16,11,1986,0.4,9.9,81,8.2
992,174,17,11,1986,1.3,10.2,88,8.4
993,174,18,11,1986,0.8,8.4,72,7.6
994,174,19,11,1986,1,10.3,61,8.0
995,174,20,11,1986,4.7,5.8,92,7.4
996,174,21,11,1986,5.9,4.5,92,7.1
997,174,22,11,1986,10.4,8,89,8.2
998,174,23,11,1986,0.3,4.7,82,6.7
999,174,24,11,1986,0.3,7.2,75,7.3
1000,174,25,11,1986,0,9.4,93,8.2
1001,174,26,11,1986,0,8.2,82,7.7
1002,174,27,11,1986,0,2.4,88,6.2
1003,174,28,11,1986,0,3.6,73,6.3
1004,174,29,11,1986,0,0,81,5.4
1005,174,30,11,1986,0,-2.3,98,5.0
1006,174,1,12,1986,0,0.4,89,5.6
1007,174,2,12,1986,0.3,5,93,7.0
1008,174,3,12,1986,0,4,88,6.6
1009,174,4,12,1986,0,2.1,88,6.1
1010,174,5,12,1986,0,8.3,73,7.6
1011,174,6,12,1986,4.4,7.6,84,7.7
1012,174,7,12,1986,0.2,7.2,94,7.6
1013,174,8,12,1986,0,6.3,90,7.3
1014,174,9,12,1986,0,6.5,89,7.4
1015,174,10,12,1986,0,1.8,93,6.1
1016,174,11,12,1986,0,0,96,5.6
1017,174,12,12,1986,0,2.5,86,6.2
1018,174,13,12,1986,2,2.9,90,6.4
1019,174,14,12,1986,0.9,4,81,6.5
1020,174,15,12,1986,10.6,3.1,82,6.7
1021,174,16,12,1986,7.9,3.5,81,6.7
1022,174,17,12,1986,6.3,4.6,86,7.0
1023,174,18,12,1986,20.2,9,90,8.8
1024,174,19,12,1986,0.3,3.5,66,6.1
1025,174,20,12,1986,0.2,2.8,78,6.1
1026,174,21,12,1986,1,1.4,77,5.7
1027,174,22,12,1986,3.4,-2.4,82,4.8
1028,174,23,12,1986,2.6,-3.4,89,4.7
1029,174,24,12,1986,0,-6,85,3.8
1030,174,25,12,1986,6.1,-4.6,87,4.4
1031,174,26,12,1986,1.7,1.2,91,6.0
1032,174,27,12,1986,0.9,2.3,84,6.1
1033,174,28,12,1986,4.4,4.4,89,6.9
1034,174,29,12,1986,3,8.2,83,7.8
1035,174,30,12,1986,8,7.8,79,7.9
1036,174,31,12,1986,7.7,7.6,87,7.9
1037,174,1,1,1987,17.6,9.6,91,8.9
1038,174,2,1,1987,3.4,4.6,89,6.9
1039,174,3,1,1987,0,-1.1,74,5.0
1040,174,4,1,1987,2.5,0.3,86,5.6
1041,174,5,1,1987,8.3,2.9,90,6.7
1042,174,6,1,1987,2,2.8,76,6.2
1043,174,7,1,1987,0,-4.8,70,3.8
1044,174,8,1,1987,0,-6.5,83,3.6
1045,174,9,1,1987,0,-4,77,4.2
1046,174,10,1,1987,0.3,-4.7,82,4.1
1047,174,11,1,1987,0.2,-11.8,57,1.6
1048,174,12,1,1987,0.3,-15,76,1.1
1049,174,13,1,1987,0,-12.4,75,1.8
1050,174,14,1,1987,2.1,-7.4,51,2.9
1051,174,15,1,1987,1.5,-10.9,85,2.4
1052,174,16,1,1987,0,-8.6,83,3.0
1053,174,17,1,1987,0,-6.3,91,3.8
1054,174,18,1,1987,0,-5.7,88,3.9
1055,174,19,1,1987,0,-5.8,91,3.9
1056,174,20,1,1987,0,-3.9,92,4.5
1057,174,21,1,1987,0,-5.5,95,4.1
1058,174,22,1,1987,0,-5,94,4.2
1059,174,23,1,1987,0,-0.6,92,5.4
1060,174,24,1,1987,0,0.8,97,5.9
1061,174,25,1,1987,0,-0.6,92,5.4
1062,174,26,1,1987,0,-0.3,92,5.5
1063,174,27,1,1987,0,-4.4,93,4.3
1064,174,28,1,1987,0,-3,86,4.6
1065,174,29,1,1987,0,-4.6,70,3.9
1066,174,30,1,1987,0,-8.9,54,2.4
1067,174,31,1,1987,0,-9,63,2.5
1068,174,1,2,1987,0,-9.7,77,2.6
1069,174,2,2,1987,0,-6.8,78,3.4
1070,174,3,2,1987,0,-2.2,68,4.5
1071,174,4,2,1987,0,0.6,79,5.5
1072,174,5,2,1987,0,1.3,87,5.9
1073,174,6,2,1987,4.2,3.8,87,6.7
1074,174,7,2,1987,0.8,3.6,81,6.4
1075,174,8,2,1987,1.7,5.2,95,7.2
1076,174,9,2,1987,2.1,6.7,95,7.6
1077,174,10,2,1987,1,3.6,91,6.6
1078,174,11,2,1987,0,2.2,89,6.1
1079,174,12,2,1987,1.9,3.4,96,6.7
1080,174,13,2,1987,0,1.6,89,6.0
1081,174,14,2,1987,3.8,3.4,89,6.6
1082,174,15,2,1987,1,2.1,94,6.2
1083,174,16,2,1987,1.1,0.5,90,5.7
1084,174,17,2,1987,4.2,-0.9,84,5.3
1085,174,18,2,1987,0.7,-1,94,5.3
1086,174,19,2,1987,1.2,-1.7,83,5.0
1087,174,20,2,1987,3.6,-0.3,87,5.5
1088,174,21,2,1987,0.6,-1.1,96,5.3
1089,174,22,2,1987,0,0.2,89,5.6
1090,174,23,2,1987,0,0.4,68,5.3
1091,174,24,2,1987,0,-2.8,63,4.3
1092,174,25,2,1987,0,-3,78,4.5
1093,174,26,2,1987,11,-0.1,98,6.0
1094,174,27,2,1987,7.4,7.2,92,7.9
1095,174,28,2,1987,0.8,8.6,86,7.9
1096,174,1,3,1987,8.9,8.7,87,8.3
1097,174,2,3,1987,14.5,7.2,89,8.1
1098,174,3,3,1987,1,-5.3,68,3.7
1099,174,4,3,1987,0,-4.9,74,3.9
1100,174,5,3,1987,0,-4.8,73,3.9
1101,174,6,3,1987,0,-4.2,73,4.1
1102,174,7,3,1987,0,-3.6,62,4.0
1103,174,8,3,1987,0,-2.3,65,4.5
1104,174,9,3,1987,0,-1.8,66,4.6
1105,174,10,3,1987,0,-0.1,62,5.0
1106,174,11,3,1987,0,0.6,55,5.1
1107,174,12,3,1987,0,-1,61,4.8
1108,174,13,3,1987,0,0.2,64,5.1
1109,174,14,3,1987,0,-1.2,54,4.6
1110,174,15,3,1987,0.7,-0.1,73,5.2
1111,174,16,3,1987,0.9,0.2,77,5.4
1112,174,17,3,1987,2.6,1.5,91,6.1
1113,174,18,3,1987,7.4,3.3,93,6.8
1114,174,19,3,1987,12.7,1.6,83,6.3
1115,174,20,3,1987,0,-0.1,87,5.5
1116,174,21,3,1987,1.6,2.5,73,6.0
1117,174,22,3,1987,0.9,1.6,78,5.8
1118,174,23,3,1987,6.7,6.3,87,7.5
1119,174,24,3,1987,2.8,8,91,7.9
1120,174,25,3,1987,2.6,10.7,86,8.6
1121,174,26,3,1987,0,7.1,77,7.3
1122,174,27,3,1987,11.6,10,78,8.6
1123,174,28,3,1987,8.8,4,89,7.0
1124,174,29,3,1987,0,4,70,6.3
1125,174,30,3,1987,0,2.5,68,5.9
1126,174,31,3,1987,0.4,1.7,76,5.8
1127,174,1,4,1987,0,3.4,77,6.3
1128,174,2,4,1987,0,4.7,68,6.5
1129,174,3,4,1987,0,10.2,58,7.9
1130,174,4,4,1987,0,9,69,7.7
1131,174,5,4,1987,0.4,9.6,57,7.7
1132,174,6,4,1987,0.7,9.6,73,8.0
1133,174,7,4,1987,3.4,12,73,8.8
1134,174,8,4,1987,0,10.6,72,8.2
1135,174,9,4,1987,2.4,9.7,87,8.3
1136,174,10,4,1987,0,8.6,69,7.6
1137,174,11,4,1987,6.2,6.8,76,7.4
1138,174,12,4,1987,5.8,3.7,89,6.8
1139,174,13,4,1987,2.1,4.9,84,6.9
1140,174,14,4,1987,0,5,72,6.6
1141,174,15,4,1987,0,7.8,71,7.4
1142,174,16,4,1987,0,10.2,77,8.2
1143,174,17,4,1987,0,11.4,67,8.4
1144,174,18,4,1987,3.3,14,59,9.1
1145,174,19,4,1987,1.2,14.7,75,9.5
1146,174,20,4,1987,3.1,10.8,74,8.4
1147,174,21,4,1987,0.7,6.2,75,7.1
1148,174,22,4,1987,0,8.9,64,7.6
1149,174,23,4,1987,0,11.4,56,8.2
1150,174,24,4,1987,0,12.6,62,8.6
1151,174,25,4,1987,4.4,16.9,44,9.7
1152,174,26,4,1987,7.5,11.5,95,9.2
1153,174,27,4,1987,0,11,72,8.3
1154,174,28,4,1987,0,15.6,37,9.0
1155,174,29,4,1987,0,16.2,58,9.6
1156,174,30,4,1987,2.7,16.2,55,9.6
1157,174,1,5,1987,0,15,70,9.4
1158,174,2,5,1987,0,15.3,65,9.4
1159,174,3,5,1987,9.4,6.4,81,7.5
1160,174,4,5,1987,10.9,5,91,7.4
1161,174,5,5,1987,8.1,8.1,92,8.2
1162,174,6,5,1987,0,8.8,66,7.6
1163,174,7,5,1987,0,7.8,70,7.4
1164,174,8,5,1987,0,10.2,72,8.1
1165,174,9,5,1987,0,13.4,60,8.8
1166,174,10,5,1987,2.6,12.1,68,8.7
1167,174,11,5,1987,0.6,10.6,51,7.9
1168,174,12,5,1987,12,8.5,92,8.4
1169,174,13,5,1987,1.4,6.2,74,7.1
1170,174,14,5,1987,5.7,7.5,77,7.6
1171,174,15,5,1987,3.6,7.2,89,7.7
1172,174,16,5,1987,1.6,7.1,71,7.3
1173,174,17,5,1987,0,8.6,70,7.6
1174,174,18,5,1987,0,11.8,71,8.6
1175,174,19,5,1987,9.4,10.5,92,8.9
1176,174,20,5,1987,1.4,7.6,71,7.4
1177,174,21,5,1987,5.8,6.6,89,7.6
1178,174,22,5,1987,0,8,74,7.5
1179,174,23,5,1987,0,9.6,76,8.0
1180,174,24,5,1987,0,12.2,69,8.6
1181,174,25,5,1987,0,13.8,59,8.9
1182,174,26,5,1987,1,14.7,62,9.3
1183,174,27,5,1987,3.5,13.2,83,9.3
1184,174,28,5,1987,0,12.9,69,8.8
1185,174,29,5,1987,0.8,11.3,74,8.5
1186,174,30,5,1987,0.5,13.8,66,9.0
1187,174,31,5,1987,10.2,12.4,89,9.4
1188,174,1,6,1987,0,13.8,69,9.1
1189,174,2,6,1987,1.1,15.6,66,9.6
1190,174,3,6,1987,2.8,14.4,91,9.7
1191,174,4,6,1987,23.3,12.8,88,10.0
1192,174,5,6,1987,0.8,13.8,84,9.4
1193,174,6,6,1987,8.5,16.4,78,10.3
1194,174,7,6,1987,6.8,14.1,96,9.9
1195,174,8,6,1987,0,11.3,71,8.4
1196,174,9,6,1987,1,11,78,8.5
1197,174,10,6,1987,1,12.9,68,8.8
1198,174,11,6,1987,0,16.6,65,9.8
1199,174,12,6,1987,4.5,15.3,81,9.9
1200,174,13,6,1987,3,16.6,85,10.3
1201,174,14,6,1987,4.3,14.7,71,9.5
1202,174,15,6,1987,1.7,12.6,85,9.1
1203,174,16,6,1987,7,10.1,84,8.5
1204,174,17,6,1987,12.4,10.9,79,8.9
1205,174,18,6,1987,0,12.6,73,8.8
1206,174,19,6,1987,17,11.6,93,9.5
1207,174,20,6,1987,2.5,13.5,86,9.4
1208,174,21,6,1987,0.6,12.7,73,8.9
1209,174,22,6,1987,1.3,14.8,73,9.5
1210,174,23,6,1987,6.6,15.4,88,10.1
1211,174,24,6,1987,4.9,14,87,9.6
1212,174,25,6,1987,1.6,15.2,72,9.6
1213,174,26,6,1987,9.7,15,86,10.1
1214,174,27,6,1987,0,17,68,10.0
1215,174,28,6,1987,0,19.2,84,10.9
1216,174,29,6,1987,0,22.9,75,11.8
1217,174,30,6,1987,0,25.6,69,12.4
1218,174,1,7,1987,20.6,19.5,92,11.8
1219,174,2,7,1987,0,20.2,77,11.0
1220,174,3,7,1987,0,22.2,66,11.4
1221,174,4,7,1987,14,21.2,67,11.7
1222,174,5,7,1987,0,20.9,50,10.8
1223,174,6,7,1987,0,20.5,57,10.8
1224,174,7,7,1987,2.4,21.2,81,11.5
1225,174,8,7,1987,12.2,17.6,93,11.0
1226,174,9,7,1987,0,16,71,9.7
1227,174,10,7,1987,0,16.2,63,9.7
1228,174,11,7,1987,0,19.6,65,10.7
1229,174,12,7,1987,0,19.9,65,10.7
1230,174,13,7,1987,0,18.1,62,10.2
1231,174,14,7,1987,1.1,20.9,68,11.1
1232,174,15,7,1987,0,22.4,68,11.5
1233,174,16,7,1987,1.5,21.8,76,11.5
1234,174,17,7,1987,7.2,18.2,74,10.7
1235,174,18,7,1987,8.1,13.5,91,9.7
1236,174,19,7,1987,8.1,15,89,10.1
1237,174,20,7,1987,9.2,15.8,84,10.2
1238,174,21,7,1987,5.6,15,88,10.0
1239,174,22,7,1987,0.7,16.6,76,10.0
1240,174,23,7,1987,0,17.1,76,10.1
1241,174,24,7,1987,0,17.8,72,10.3
1242,174,25,7,1987,6.2,13,92,9.5
1243,174,26,7,1987,1,11.8,72,8.6
1244,174,27,7,1987,14,13.8,85,9.9
1245,174,28,7,1987,1.1,14,79,9.3
1246,174,29,7,1987,0.6,16.9,80,10.2
1247,174,30,7,1987,0.5,17,77,10.1
1248,174,31,7,1987,0.2,15.6,78,9.8
1249,174,1,8,1987,2.5,15.6,84,9.9
1250,174,2,8,1987,11.7,15.4,91,10.3
1251,174,3,8,1987,3.4,17.1,85,10.4
1252,174,4,8,1987,0.3,13.4,81,9.2
1253,174,5,8,1987,0.9,10.8,75,8.4
1254,174,6,8,1987,0,9.7,77,8.1
1255,174,7,8,1987,2.2,13.4,65,9.0
1256,174,8,8,1987,0,14.7,77,9.5
1257,174,9,8,1987,6.6,14.4,88,9.8
1258,174,10,8,1987,0,13.4,80,9.2
1259,174,11,8,1987,0,14,75,9.2
1260,174,12,8,1987,0,17.7,72,10.2
1261,174,13,8,1987,0,18.3,73,10.4
1262,174,14,8,1987,0,19.8,73,10.8
1263,174,15,8,1987,0,15.9,74,9.8
1264,174,16,8,1987,0,17.3,73,10.1
1265,174,17,8,1987,0.2,20.1,78,11.0
1266,174,18,8,1987,4.3,19.3,89,11.1
1267,174,19,8,1987,0,18.7,76,10.6
1268,174,20,8,1987,0,18.4,76,10.5
1269,174,21,8,1987,0,19.5,74,10.8
1270,174,22,8,1987,22.8,21.4,76,12.2
1271,174,23,8,1987,6,18.3,91,11.0
1272,174,24,8,1987,2.2,18.9,89,10.9
1273,174,25,8,1987,4,14,77,9.4
1274,174,26,8,1987,0,14.2,77,9.3
1275,174,27,8,1987,1.6,14.8,82,9.6
1276,174,28,8,1987,0,14.6,84,9.6
1277,174,29,8,1987,0,17.8,77,10.4
1278,174,30,8,1987,0,17.6,85,10.4
1279,174,31,8,1987,0,17.5,80,10.3
1280,174,1,9,1987,2.9,19,81,10.9
1281,174,2,9,1987,0,18.2,89,10.7
1282,174,3,9,1987,0,18.2,81,10.5
1283,174,4,9,1987,25,18.7,83,11.6
1284,174,5,9,1987,0.5,17.4,76,10.2
1285,174,6,9,1987,0,14.6,76,9.4
1286,174,7,9,1987,10.1,18,77,10.8
1287,174,8,9,1987,0,13.1,80,9.1
1288,174,9,9,1987,0,13.9,80,9.3
1289,174,10,9,1987,3.7,16.2,79,10.1
1290,174,11,9,1987,0.7,15,88,9.8
1291,174,12,9,1987,0,21.3,69,11.2
1292,174,13,9,1987,0,22.6,61,11.4
1293,174,14,9,1987,0,21,71,11.2
1294,174,15,9,1987,0,16,78,9.9
1295,174,16,9,1987,0,17,81,10.2
1296,174,17,9,1987,0,22,80,11.6
1297,174,18,9,1987,0,21.2,84,11.4
1298,174,19,9,1987,0,19,84,10.8
1299,174,20,9,1987,0,20.3,72,11.0
1300,174,21,9,1987,0,18.9,84,10.8
1301,174,22,9,1987,0,19.1,78,10.7
1302,174,23,9,1987,12.4,16.5,89,10.6
1303,174,24,9,1987,4,13.4,75,9.2
1304,174,25,9,1987,0,11.9,83,8.8
1305,174,26,9,1987,0,11.9,80,8.7
1306,174,27,9,1987,0,8.8,80,7.9
1307,174,28,9,1987,0,6.4,78,7.1
1308,174,29,9,1987,0,6.4,79,7.2
1309,174,30,9,1987,0,9.7,61,7.8
1310,174,1,10,1987,0,10.4,62,8.0
1311,174,2,10,1987,0,10.8,60,8.1
1312,174,3,10,1987,0,10.4,71,8.2
1313,174,4,10,1987,0,12.2,81,8.8
1314,174,5,10,1987,0,13.4,86,9.3
1315,174,6,10,1987,6.9,14.2,80,9.6
1316,174,7,10,1987,4.2,12.8,73,9.0
1317,174,8,10,1987,16.1,9.8,80,8.7
1318,174,9,10,1987,0,8.6,82,7.8
1319,174,10,10,1987,0,13,80,9.0
1320,174,11,10,1987,15.4,11.6,77,9.2
1321,174,12,10,1987,8.9,6.7,96,7.9
1322,174,13,10,1987,5.4,10,89,8.5
1323,174,14,10,1987,20.2,10.4,93,9.3
1324,174,15,10,1987,2.3,14.6,87,9.7
1325,174,16,10,1987,6.4,11.2,89,8.9
1326,174,17,10,1987,4.5,9.2,92,8.3
1327,174,18,10,1987,0,8.2,93,7.9
1328,174,19,10,1987,0,8.8,85,7.9
1329,174,20,10,1987,0,9.4,87,8.1
1330,174,21,10,1987,15.6,11.1,89,9.2
1331,174,22,10,1987,0,8.2,92,7.9
1332,174,23,10,1987,2.6,7.8,95,7.9
1333,174,24,10,1987,0.5,7.8,82,7.6
1334,174,25,10,1987,2.6,7.8,87,7.8
1335,174,26,10,1987,1.3,8.4,93,8.0
1336,174,27,10,1987,0,10.1,89,8.4
1337,174,28,10,1987,1.1,10.2,95,8.5
1338,174,29,10,1987,0,10.8,89,8.6
1339,174,30,10,1987,0,8.2,86,7.8
1340,174,31,10,1987,0,8.4,96,8.0
1341,174,1,11,1987,4.5,10.6,97,8.8
1342,174,2,11,1987,0,8,93,7.8
1343,174,3,11,1987,0,8.2,79,7.7
1344,174,4,11,1987,0,6,70,6.9
1345,174,5,11,1987,0,3.8,72,6.3
1346,174,6,11,1987,0,1.6,97,6.1
1347,174,7,11,1987,0,0.7,99,5.9
1348,174,8,11,1987,0,3.2,95,6.5
1349,174,9,11,1987,0,5.6,96,7.2
1350,174,10,11,1987,1.7,7.1,96,7.7
1351,174,11,11,1987,0.5,8.5,71,7.6
1352,174,12,11,1987,14,8,74,8.0
1353,174,13,11,1987,8.8,7.8,82,7.9
1354,174,14,11,1987,0,3.6,86,6.5
1355,174,15,11,1987,4.7,5.8,79,7.2
1356,174,16,11,1987,4.2,10.6,84,8.6
1357,174,17,11,1987,0.9,8.8,82,7.9
1358,174,18,11,1987,0,8.2,86,7.8
1359,174,19,11,1987,4.2,7.5,78,7.6
1360,174,20,11,1987,3.9,5.8,82,7.2
1361,174,21,11,1987,3.8,5.8,91,7.3
1362,174,22,11,1987,3.4,4.6,93,7.0
1363,174,23,11,1987,0,5.2,87,7.0
1364,174,24,11,1987,12.6,3,81,6.7
1365,174,25,11,1987,3.7,0.5,98,5.9
1366,174,26,11,1987,0,1.4,94,6.0
1367,174,27,11,1987,0,1.8,93,6.1
1368,174,28,11,1987,0.5,2.1,88,6.1
1369,174,29,11,1987,0,1.8,84,5.9
1370,174,30,11,1987,1.5,2.1,86,6.1
1371,174,1,12,1987,0,2.6,74,6.0
1372,174,2,12,1987,0,1.3,71,5.6
1373,174,3,12,1987,0,1.1,77,5.6
1374,174,4,12,1987,0,0.8,82,5.6
1375,174,5,12,1987,0,2,82,6.0
1376,174,6,12,1987,3.9,2.7,87,6.4
1377,174,7,12,1987,0,0.5,78,5.5
1378,174,8,12,1987,0,-3,63,4.2
1379,174,9,12,1987,0,-4.4,53,3.7
1380,174,10,12,1987,0,-5.2,78,3.9
1381,174,11,12,1987,0,0.7,79,5.5
1382,174,12,12,1987,0,-0.5,88,5.4
1383,174,13,12,1987,0,-0.9,85,5.2
1384,174,14,12,1987,0,-3.8,89,4.4
1385,174,15,12,1987,1.3,-1.4,96,5.3
1386,174,16,12,1987,3.8,7.2,96,7.8
1387,174,17,12,1987,1.5,10.8,94,8.7
1388,174,18,12,1987,33.5,14.1,92,10.8
1389,174,19,12,1987,0.2,9.2,76,7.9
1390,174,20,12,1987,0.2,8.6,81,7.8
1391,174,21,12,1987,0,6.4,90,7.3
1392,174,22,12,1987,0,4.9,94,7.0
1393,174,23,12,1987,0,2.6,93,6.3
1394,174,24,12,1987,0,-0.8,95,5.4
1395,174,25,12,1987,0.6,1.9,98,6.2
1396,174,26,12,1987,0,5.9,92,7.2
1397,174,27,12,1987,0,6.8,81,7.3
1398,174,28,12,1987,0,8,83,7.7
1399,174,29,12,1987,0.4,5.8,85,7.1
1400,174,30,12,1987,0.2,8.2,93,7.9
1401,174,31,12,1987,0,7.8,82,7.6
